INSERT INTO PUBLIC.ROLE(ID, NAME) VALUES (1, 'REGISTERED_USER');
INSERT INTO PUBLIC.ROLE(ID, NAME) VALUES (2, 'ENROLLED_USER');
INSERT INTO PUBLIC.ROLE(ID, NAME) VALUES (3, 'MODERATOR');
INSERT INTO PUBLIC.ROLE(ID, NAME) VALUES (4, 'ADMINISTRATOR ');

insert into PUBLIC.USER (dtype, id, email, first_name, last_name, country, home_number, postal_code, street, date_of_birth, gender, mobile_number, password, phone_number, total_points, role_id) values ('RegisteredUser', 1000, 'srydzynski0@cpanel.net', 'Stephine', 'Rydzynski', 'Albania', '5167', 4342, 'Fremont', '1988-09-12', 'WOMAN', '(131) 5302157', '0GSQSZ2y', '(397) 3058816', 230, 1);
insert into PUBLIC.USER (dtype, id, email, first_name, last_name, country, home_number, postal_code, street, date_of_birth, gender, mobile_number, password, phone_number, total_points, role_id) values ('RegisteredUser', 2000, 'tosmon1@domainmarket.com', 'Thibaut', 'Osmon', 'China', '86', 9364, 'Hoffman', '1980-01-19', 'MAN', '(536) 7359370', 'gXdqVemn1EV', '(668) 8859148', 12, 1);
insert into PUBLIC.USER (dtype, id, email, first_name, last_name, country, home_number, postal_code, street, date_of_birth, gender, mobile_number, password, phone_number, total_points, role_id) values ('RegisteredUser', 3000, 'dkopp2@4shared.com', 'Dell', 'Kopp', 'Indonesia', '7253', 8248, 'Mosinee', '1970-12-26', 'MAN', '(250) 4718712', '29zIPqC2', '(194) 4690521', 101, 1);
insert into PUBLIC.USER (dtype, id, email, first_name, last_name, country, home_number, postal_code, street, date_of_birth, gender, mobile_number, password, phone_number, total_points, role_id) values ('RegisteredUser', 4000, 'cmacgarrity3@geocities.com', 'Corey', 'MacGarrity', 'Russia', '865', 1649, 'Morningstar', '1982-07-07', 'WOMAN', '(138) 6147720', 'u3eypmTN', '(316) 8312641', 705, 1);
insert into PUBLIC.USER (dtype, id, email, first_name, last_name, country, home_number, postal_code, street, date_of_birth, gender, mobile_number, password, phone_number, total_points, role_id) values ('RegisteredUser', 5000, 'aprestland4@blogs.com', 'Annice', 'Prestland', 'Greece', '4419', 5537, 'Tony', '1982-04-14', 'WOMAN', '(348) 3342124', 'QXU5PQBpP', '(875) 8199878', 994, 1);
insert into PUBLIC.USER (dtype, id, email, first_name, last_name, country, home_number, postal_code, street, date_of_birth, gender, mobile_number, password, phone_number, total_points, role_id) values ('RegisteredUser', 6000, 'vgarlinge5@rambler.ru', 'Vivianna', 'Garlinge', 'Albania', '3', 4101, 'Lukken', '1980-03-14', 'WOMAN', '(141) 4765840', 'xgPrIOO8RWn', '(622) 7866975', 468, 1);
insert into PUBLIC.USER (dtype, id, email, first_name, last_name, country, home_number, postal_code, street, date_of_birth, gender, mobile_number, password, phone_number, total_points, role_id) values ('RegisteredUser', 7000, 'bisenor6@salon.com', 'Birch', 'Isenor', 'Czech Republic', '55', 4660, 'Sachs', '1986-10-19', 'MAN', '(269) 1803181', 'uW8TTN', '(195) 3995390', 585, 1);
insert into PUBLIC.USER (dtype, id, email, first_name, last_name, country, home_number, postal_code, street, date_of_birth, gender, mobile_number, password, phone_number, total_points, role_id) values ('RegisteredUser', 8000, 'mbecker7@ucoz.com', 'Matthieu', 'Becker', 'Nicaragua', '46590', 3646, 'Old Shore', '1968-01-15', 'MAN', '(833) 4923653', 'uu9Oskr0', '(538) 3896555', 147, 1);
insert into PUBLIC.USER (dtype, id, email, first_name, last_name, country, home_number, postal_code, street, date_of_birth, gender, mobile_number, password, phone_number, total_points, role_id) values ('RegisteredUser', 9000, 'rloddon8@xinhuanet.com', 'Ravid', 'Loddon', 'China', '653', 3216, 'Shelley', '1975-12-27', 'MAN', '(855) 4541402', 'YUIs1h', '(455) 9076125', 698, 1);
insert into PUBLIC.USER (dtype, id, email, first_name, last_name, country, home_number, postal_code, street, date_of_birth, gender, mobile_number, password, phone_number, total_points, role_id) values ('RegisteredUser', 10000, 'gmcintee9@noaa.gov', 'Gerrard', 'McIntee', 'China', '510', 3100, 'Northridge', '1996-06-09', 'MAN', '(349) 6282797', 'egsrpkwL', '(206) 7201806', 129, 1);
insert into PUBLIC.USER (dtype, id, email, first_name, last_name, country, home_number, postal_code, street, date_of_birth, gender, mobile_number, password, phone_number, total_points, role_id) values ('RegisteredUser', 11000, 'gschulea@usda.gov', 'Gerri', 'Schule', 'China', '16185', 2359, 'Schiller', '1984-04-18', 'MAN', '(712) 9829743', 'GUJS5K', '(288) 2775110', 691, 1);
insert into PUBLIC.USER (dtype, id, email, first_name, last_name, country, home_number, postal_code, street, date_of_birth, gender, mobile_number, password, phone_number, total_points, role_id) values ('RegisteredUser', 12000, 'rpeaseb@t-online.de', 'Rea', 'Pease', 'Russia', '4', 5559, 'Prairie Rose', '2001-11-18', 'WOMAN', '(365) 2274360', 'KOJrQqLudaW', '(127) 8584396', 631, 1);
insert into PUBLIC.USER (dtype, id, email, first_name, last_name, country, home_number, postal_code, street, date_of_birth, gender, mobile_number, password, phone_number, total_points, role_id) values ('RegisteredUser', 13000, 'gongec@amazon.co.jp', 'Gearalt', 'Onge', 'Russia', '0438', 3810, 'Everett', '1981-02-07', 'MAN', '(359) 9201037', '9tqaDW', '(199) 9672724', 462, 1);
insert into PUBLIC.USER (dtype, id, email, first_name, last_name, country, home_number, postal_code, street, date_of_birth, gender, mobile_number, password, phone_number, total_points, role_id) values ('RegisteredUser', 14000, 'bhuckd@dyndns.org', 'Brantley', 'Huck', 'Montenegro', '2098', 3264, 'Rusk', '1976-02-10', 'MAN', '(158) 4924692', 'Futkkilq', '(341) 1209953', 259, 1);
insert into PUBLIC.USER (dtype, id, email, first_name, last_name, country, home_number, postal_code, street, date_of_birth, gender, mobile_number, password, phone_number, total_points, role_id) values ('RegisteredUser', 15000, 'rlorentee@npr.org', 'Rollins', 'Lorente', 'China', '3', 9158, 'Northridge', '1988-09-06', 'MAN', '(324) 1505337', '903VPxfI', '(825) 1165797', 137, 1);
insert into PUBLIC.USER (dtype, id, email, first_name, last_name, country, home_number, postal_code, street, date_of_birth, gender, mobile_number, password, phone_number, total_points, role_id) values ('RegisteredUser', 16000, 'tsandbatchf@auda.org.au', 'Terry', 'Sandbatch', 'Indonesia', '7', 6115, 'Sycamore', '2002-01-04', 'MAN', '(749) 3133822', 'aSepjDrGnSki', '(827) 4318736', 337, 1);
insert into PUBLIC.USER (dtype, id, email, first_name, last_name, country, home_number, postal_code, street, date_of_birth, gender, mobile_number, password, phone_number, total_points, role_id) values ('RegisteredUser', 17000, 'ajellettg@craigslist.org', 'Abbot', 'Jellett', 'China', '545', 3584, 'Reinke', '1991-02-21', 'MAN', '(632) 6374217', 'ivYkn5', '(415) 9478701', 90, 1);
insert into PUBLIC.USER (dtype, id, email, first_name, last_name, country, home_number, postal_code, street, date_of_birth, gender, mobile_number, password, phone_number, total_points, role_id) values ('RegisteredUser', 18000, 'egeddesh@google.ru', 'Eleanore', 'Geddes', 'Philippines', '80', 9767, 'Larry', '1996-09-18', 'WOMAN', '(144) 5156100', '2lZ1RmguiI', '(800) 7046619', 182, 1);
insert into PUBLIC.USER (dtype, id, email, first_name, last_name, country, home_number, postal_code, street, date_of_birth, gender, mobile_number, password, phone_number, total_points, role_id) values ('RegisteredUser', 19000, 'cworkmani@hp.com', 'Cassondra', 'Workman', 'Peru', '85883', 4517, 'Dixon', '1995-01-02', 'WOMAN', '(711) 9845439', 'A3XIoguc1', '(370) 8702712', 801, 1);
insert into PUBLIC.USER (dtype, id, email, first_name, last_name, country, home_number, postal_code, street, date_of_birth, gender, mobile_number, password, phone_number, total_points, role_id) values ('RegisteredUser', 20000, 'wnightingalej@spotify.com', 'Willi', 'Nightingale', 'Canada', '00812', 2695, 'Arizona', '1975-07-24', 'MAN', '(939) 5680178', 'd1VTXczoyo', '(266) 7195708', 644, 1);
insert into PUBLIC.USER (dtype, id, email, first_name, last_name, country, home_number, postal_code, street, date_of_birth, gender, mobile_number, password, phone_number, total_points, role_id) values ('RegisteredUser', 21000, 'mramardk@about.me', 'Mandi', 'Ramard', 'Indonesia', '47998', 5534, 'Bartelt', '1987-03-20', 'WOMAN', '(279) 6604186', '7p9emM4n1uxh', '(683) 3061558', 358, 1);
insert into PUBLIC.USER (dtype, id, email, first_name, last_name, country, home_number, postal_code, street, date_of_birth, gender, mobile_number, password, phone_number, total_points, role_id) values ('RegisteredUser', 22000, 'adilletl@whitehouse.gov', 'Alethea', 'Dillet', 'Vietnam', '848', 8129, 'Lakeland', '2000-03-30', 'WOMAN', '(121) 8519872', 'mftiTLAb', '(990) 9018288', 141, 1);
insert into PUBLIC.USER (dtype, id, email, first_name, last_name, country, home_number, postal_code, street, date_of_birth, gender, mobile_number, password, phone_number, total_points, role_id) values ('RegisteredUser', 23000, 'iskippm@vistaprint.com', 'Ingamar', 'Skipp', 'Philippines', '08', 6822, 'Clarendon', '1993-07-26', 'MAN', '(697) 7457894', 'oivJvSIZWTU', '(644) 3612818', 564, 1);
insert into PUBLIC.USER (dtype, id, email, first_name, last_name, country, home_number, postal_code, street, date_of_birth, gender, mobile_number, password, phone_number, total_points, role_id) values ('RegisteredUser', 24000, 'jbevann@merriam-webster.com', 'Jarid', 'Bevan', 'Kazakhstan', '583', 2940, 'Fairview', '2006-02-09', 'MAN', '(825) 3506010', 'grT9w4o', '(841) 2067845', 93, 1);
insert into PUBLIC.USER (dtype, id, email, first_name, last_name, country, home_number, postal_code, street, date_of_birth, gender, mobile_number, password, phone_number, total_points, role_id) values ('RegisteredUser', 25000, 'lrivelono@ucla.edu', 'Lana', 'Rivelon', 'United States', '96', 6236, 'Colorado', '1967-12-08', 'WOMAN', '(614) 5149427', 'MWe43Cx2wY', '(900) 4641146', 100, 1);
insert into PUBLIC.USER (dtype, id, email, first_name, last_name, country, home_number, postal_code, street, date_of_birth, gender, mobile_number, password, phone_number, total_points, role_id) values ('RegisteredUser', 26000, 'yblasiusp@soundcloud.com', 'Yurik', 'Blasius', 'Indonesia', '79838', 5962, 'Grasskamp', '1983-12-04', 'MAN', '(923) 6073457', 'AUqabmpm9e', '(191) 4910685', 570, 1);
insert into PUBLIC.USER (dtype, id, email, first_name, last_name, country, home_number, postal_code, street, date_of_birth, gender, mobile_number, password, phone_number, total_points, role_id) values ('RegisteredUser', 27000, 'lroskillyq@usgs.gov', 'Lezley', 'Roskilly', 'China', '898', 8854, 'Helena', '2005-10-01', 'MAN', '(988) 4478740', 'znVuQg1Nct', '(358) 6356177', 748, 1);
insert into PUBLIC.USER (dtype, id, email, first_name, last_name, country, home_number, postal_code, street, date_of_birth, gender, mobile_number, password, phone_number, total_points, role_id) values ('RegisteredUser', 28000, 'lstelfoxr@scientificamerican.com', 'Lem', 'Stelfox', 'China', '383', 6593, 'Schlimgen', '1980-03-12', 'MAN', '(491) 8445119', 'Bg4OaC', '(718) 3611616', 473, 1);
insert into PUBLIC.USER (dtype, id, email, first_name, last_name, country, home_number, postal_code, street, date_of_birth, gender, mobile_number, password, phone_number, total_points, role_id) values ('RegisteredUser', 29000, 'watcherleys@devhub.com', 'Wernher', 'Atcherley', 'Ireland', '53311', 5698, 'Jackson', '2006-02-28', 'MAN', '(667) 8998936', 'BW4mPTcTrw', '(410) 5732185', 434, 1);
insert into PUBLIC.USER (dtype, id, email, first_name, last_name, country, home_number, postal_code, street, date_of_birth, gender, mobile_number, password, phone_number, total_points, role_id) values ('RegisteredUser', 30000, 'mbrennandt@smugmug.com', 'Marcille', 'Brennand', 'Russia', '727', 5532, 'Melody', '1969-06-14', 'WOMAN', '(705) 4522743', 'MawhNWLU', '(652) 7806646', 167, 1);
insert into PUBLIC.USER (dtype, id, email, first_name, last_name, country, home_number, postal_code, street, date_of_birth, gender, mobile_number, password, phone_number, total_points, role_id) values ('RegisteredUser', 31000, 'kcocksonu@earthlink.net', 'Kanya', 'Cockson', 'France', '22613', 4826, 'Golf Course', '1989-04-05', 'WOMAN', '(902) 5679351', 'JZtcLD', '(829) 7605652', 275, 1);
insert into PUBLIC.USER (dtype, id, email, first_name, last_name, country, home_number, postal_code, street, date_of_birth, gender, mobile_number, password, phone_number, total_points, role_id) values ('RegisteredUser', 32000, 'wguineryv@cnet.com', 'Wandie', 'Guinery', 'Russia', '84', 6978, 'Bashford', '2007-03-07', 'WOMAN', '(378) 5104369', 'xKPTVN9mPeYM', '(305) 2228076', 487, 1);
insert into PUBLIC.USER (dtype, id, email, first_name, last_name, country, home_number, postal_code, street, date_of_birth, gender, mobile_number, password, phone_number, total_points, role_id) values ('RegisteredUser', 33000, 'mveltmannw@deviantart.com', 'Margaretha', 'Veltmann', 'Serbia', '045', 5795, 'Vernon', '1979-07-22', 'WOMAN', '(801) 5759571', 'ei30GGsXER8z', '(923) 1396730', 724, 1);
insert into PUBLIC.USER (dtype, id, email, first_name, last_name, country, home_number, postal_code, street, date_of_birth, gender, mobile_number, password, phone_number, total_points, role_id) values ('RegisteredUser', 34000, 'dboydonx@nhs.uk', 'Denna', 'Boydon', 'China', '784', 7420, 'Mayer', '1996-01-24', 'WOMAN', '(250) 7399187', 'uvgPDpQv', '(375) 4321470', 918, 1);
insert into PUBLIC.USER (dtype, id, email, first_name, last_name, country, home_number, postal_code, street, date_of_birth, gender, mobile_number, password, phone_number, total_points, role_id) values ('RegisteredUser', 35000, 'ebrannoy@cornell.edu', 'Eolanda', 'Branno', 'China', '893', 1694, 'Hallows', '1968-11-23', 'WOMAN', '(792) 3652596', 'tN282uu', '(291) 2973475', 902, 1);
insert into PUBLIC.USER (dtype, id, email, first_name, last_name, country, home_number, postal_code, street, date_of_birth, gender, mobile_number, password, phone_number, total_points, role_id) values ('RegisteredUser', 36000, 'sreddochz@so-net.ne.jp', 'Sidney', 'Reddoch', 'China', '0601', 9043, 'Coolidge', '1976-06-11', 'MAN', '(764) 8457685', 'jc20n97Df', '(833) 3977413', 548, 1);
insert into PUBLIC.USER (dtype, id, email, first_name, last_name, country, home_number, postal_code, street, date_of_birth, gender, mobile_number, password, phone_number, total_points, role_id) values ('RegisteredUser', 37000, 'icaldwell10@is.gd', 'Imelda', 'Caldwell', 'Bulgaria', '407', 3817, 'Sage', '1969-03-25', 'WOMAN', '(758) 7790116', 'S5B6n1UC', '(710) 7478483', 694, 1);
insert into PUBLIC.USER (dtype, id, email, first_name, last_name, country, home_number, postal_code, street, date_of_birth, gender, mobile_number, password, phone_number, total_points, role_id) values ('RegisteredUser', 38000, 'tborzoni11@stanford.edu', 'Thea', 'Borzoni', 'Indonesia', '054', 8421, 'Esker', '1986-01-13', 'WOMAN', '(672) 7401117', 'akMGpEbkqz', '(336) 1589760', 586, 1);
insert into PUBLIC.USER (dtype, id, email, first_name, last_name, country, home_number, postal_code, street, date_of_birth, gender, mobile_number, password, phone_number, total_points, role_id) values ('RegisteredUser', 39000, 'jrosenfelder12@1und1.de', 'Jeanine', 'Rosenfelder', 'South Africa', '50', 6510, 'Toban', '1984-09-20', 'WOMAN', '(979) 6072629', 'FwBI9PH', '(298) 5636765', 786, 1);
insert into PUBLIC.USER (dtype, id, email, first_name, last_name, country, home_number, postal_code, street, date_of_birth, gender, mobile_number, password, phone_number, total_points, role_id) values ('RegisteredUser', 40000, 'jhriinchenko13@accuweather.com', 'Jeana', 'Hriinchenko', 'Iraq', '1383', 3216, 'Manitowish', '1988-10-11', 'WOMAN', '(966) 7571001', 'wXWWDvDi9', '(174) 1891047', 35, 1);
insert into PUBLIC.USER (dtype, id, email, first_name, last_name, country, home_number, postal_code, street, date_of_birth, gender, mobile_number, password, phone_number, total_points, role_id) values ('RegisteredUser', 41000, 'esilvester14@weibo.com', 'Eleanore', 'Silvester', 'Brazil', '20375', 2155, 'Hudson', '1986-01-23', 'WOMAN', '(308) 3057349', 'IrQxUWJiouO', '(955) 4384063', 451, 1);
insert into PUBLIC.USER (dtype, id, email, first_name, last_name, country, home_number, postal_code, street, date_of_birth, gender, mobile_number, password, phone_number, total_points, role_id) values ('RegisteredUser', 42000, 'iandrzej15@alibaba.com', 'Isobel', 'Andrzej', 'Indonesia', '6', 5152, 'Sunbrook', '1998-04-28', 'WOMAN', '(641) 4106434', '0SkfZp38s', '(141) 5511742', 668, 1);
insert into PUBLIC.USER (dtype, id, email, first_name, last_name, country, home_number, postal_code, street, date_of_birth, gender, mobile_number, password, phone_number, total_points, role_id) values ('RegisteredUser', 43000, 'thasslocher16@flickr.com', 'Trever', 'Hasslocher', 'Guatemala', '2292', 7408, 'Atwood', '1995-05-16', 'MAN', '(312) 8935676', 'WVPrH4', '(832) 9669419', 108, 1);
insert into PUBLIC.USER (dtype, id, email, first_name, last_name, country, home_number, postal_code, street, date_of_birth, gender, mobile_number, password, phone_number, total_points, role_id) values ('RegisteredUser', 44000, 'bbrideaux17@dmoz.org', 'Bekki', 'Brideaux', 'Russia', '542', 9952, 'Pond', '1979-10-02', 'WOMAN', '(822) 3748637', 'tlGqqjA3YUL', '(484) 8700692', 333, 1);
insert into PUBLIC.USER (dtype, id, email, first_name, last_name, country, home_number, postal_code, street, date_of_birth, gender, mobile_number, password, phone_number, total_points, role_id) values ('RegisteredUser', 45000, 'mrainton18@privacy.gov.au', 'Marlon', 'Rainton', 'China', '1', 4787, 'Maple Wood', '1972-11-23', 'MAN', '(659) 2743072', 'iQQwLD', '(597) 8145714', 773, 1);
insert into PUBLIC.USER (dtype, id, email, first_name, last_name, country, home_number, postal_code, street, date_of_birth, gender, mobile_number, password, phone_number, total_points, role_id) values ('RegisteredUser', 46000, 'cstickler19@gizmodo.com', 'Cherilynn', 'Stickler', 'China', '50867', 2139, 'Novick', '2003-11-05', 'WOMAN', '(297) 9931761', 'qOrrDy', '(769) 7456020', 38, 1);
insert into PUBLIC.USER (dtype, id, email, first_name, last_name, country, home_number, postal_code, street, date_of_birth, gender, mobile_number, password, phone_number, total_points, role_id) values ('RegisteredUser', 47000, 'lrea1a@japanpost.jp', 'Laureen', 'Rea', 'Peru', '0', 7716, 'Dunning', '2001-10-21', 'WOMAN', '(999) 8699117', 'rLO7t3X1gWO', '(548) 3354368', 564, 1);
insert into PUBLIC.USER (dtype, id, email, first_name, last_name, country, home_number, postal_code, street, date_of_birth, gender, mobile_number, password, phone_number, total_points, role_id) values ('RegisteredUser', 48000, 'dhoggan1b@alibaba.com', 'Donella', 'Hoggan', 'Philippines', '19', 4705, 'Hoffman', '1984-11-16', 'WOMAN', '(914) 5392246', 'DFTienFD', '(705) 3439794', 35, 1);
insert into PUBLIC.USER (dtype, id, email, first_name, last_name, country, home_number, postal_code, street, date_of_birth, gender, mobile_number, password, phone_number, total_points, role_id) values ('RegisteredUser', 49000, 'kberrane1c@behance.net', 'Koenraad', 'Berrane', 'Guadeloupe', '6184', 1178, 'Beilfuss', '1990-06-14', 'MAN', '(639) 4154511', '5y3Bm6MAg', '(240) 7685503', 566, 1);
insert into PUBLIC.USER (dtype, id, email, first_name, last_name, country, home_number, postal_code, street, date_of_birth, gender, mobile_number, password, phone_number, total_points, role_id) values ('RegisteredUser', 50000, 'skermit1d@flickr.com', 'Sondra', 'Kermit', 'South Africa', '1682', 4178, 'Grayhawk', '2004-09-05', 'WOMAN', '(600) 4157804', 'uyQ4A2Ho3G', '(473) 3246176', 578, 1);
insert into PUBLIC.USER (dtype, id, email, first_name, last_name, country, home_number, postal_code, street, date_of_birth, gender, mobile_number, password, phone_number, total_points, role_id) values ('RegisteredUser', 10, 'user@user.user', 'User', 'User', 'UserLand', '12', 1234, 'UserStreet', '1988-09-12', 'MAN', '(123) 4567890', 'user', '(234) 5678901', 123, 1);

INSERT INTO ROLE_PRIVILEGES (role_id, privileges) VALUES (1, 'REGISTERED_USER_PRIVILEGES');
INSERT INTO ROLE_PRIVILEGES (role_id, privileges) VALUES (2, 'REGISTERED_USER_PRIVILEGES');
INSERT INTO ROLE_PRIVILEGES (role_id, privileges) VALUES (2, 'ENROLLED_USER_PRIVILEGES');
INSERT INTO ROLE_PRIVILEGES (role_id, privileges) VALUES (3, 'REGISTERED_USER_PRIVILEGES');
INSERT INTO ROLE_PRIVILEGES (role_id, privileges) VALUES (3, 'ENROLLED_USER_PRIVILEGES');
INSERT INTO ROLE_PRIVILEGES (role_id, privileges) VALUES (3, 'MODERATOR_PRIVILEGES');
INSERT INTO ROLE_PRIVILEGES (role_id, privileges) VALUES (4, 'REGISTERED_USER_PRIVILEGES');
INSERT INTO ROLE_PRIVILEGES (role_id, privileges) VALUES (4, 'ENROLLED_USER_PRIVILEGES');
INSERT INTO ROLE_PRIVILEGES (role_id, privileges) VALUES (4, 'MODERATOR_PRIVILEGES');
INSERT INTO ROLE_PRIVILEGES (role_id, privileges) VALUES (4, 'ADMINISTRATOR_PRIVILEGES');
	